name,brand,category,subcategory,unit_type,size_ml,case_size,vendor,case_cost,unit_cost,par_level,reorder_point,default_location,upc,active,notes
Antiquity Blue,,Spirits,Whiskey,bottle,750,,,,,,,,,1,
Black Label (Johnnie Walker),,Spirits,Whiskey,bottle,750,,,,,,,,,1,
Black Velvet,,Spirits,Whiskey,bottle,750,,,,,,,,,1,
Bulleit Bourbon,,Spirits,Whiskey,bottle,750,,,,,,,,,1,
Bulleit Rye,,Spirits,Whiskey,bottle,750,,,,,,,,,1,
Chivas Regal,,Spirits,Whiskey,bottle,750,,,,,,,,,1,
Crown Royal,,Spirits,Whiskey,bottle,750,,,,,,,,,1,
Crown Royal Apple,,Spirits,Whiskey,bottle,750,,,,,,,,,1,
Crown Royal Peach,,Spirits,Whiskey,bottle,750,,,,,,,,,1,
Evan Williams (Well),,Spirits,Whiskey,bottle,750,,,,,,,,,1,
Four Roses,,Spirits,Whiskey,bottle,750,,,,,,,,,1,
Glenfiddich 12,,Spirits,Whiskey,bottle,750,,,,,,,,,1,
Glenlivet 12,,Spirits,Whiskey,bottle,750,,,,,,,,,1,
Granite Mt.,,Spirits,Whiskey,bottle,750,,,,,,,,,1,
Indri,,Spirits,Whiskey,bottle,750,,,,,,,,,1,
Jack Daniel's,,Spirits,Whiskey,bottle,750,,,,,,,,,1,
Jack Daniel's Fire,,Spirits,Whiskey,bottle,750,,,,,,,,,1,
Jameson,,Spirits,Whiskey,bottle,750,,,,,,,,,1,
Jim Beam,,Spirits,Whiskey,bottle,750,,,,,,,,,1,
Maker's Mark,,Spirits,Whiskey,bottle,750,,,,,,,,,1,
Mr. Dowell's,,Spirits,Whiskey,bottle,750,,,,,,,,,1,
Pendleton,,Spirits,Whiskey,bottle,750,,,,,,,,,1,
Seagram's 7,,Spirits,Whiskey,bottle,750,,,,,,,,,1,
Seagram's VO,,Spirits,Whiskey,bottle,750,,,,,,,,,1,
Solan Black,,Spirits,Whiskey,bottle,750,,,,,,,,,1,
Solan Gold,,Spirits,Whiskey,bottle,750,,,,,,,,,1,
Wild Turkey,,Spirits,Whiskey,bottle,750,,,,,,,,,1,
Woodford Reserve,,Spirits,Whiskey,bottle,750,,,,,,,,,1,
Christian Brothers,,Spirits,Brandy,bottle,750,,,,,,,,,1,
EJ Brandy,,Spirits,Brandy,bottle,750,,,,,,,,,1,
Members Mark Vodka (Well),,Spirits,Vodka,bottle,750,,,,,,,,,1,
Absolut OG,,Spirits,Vodka,bottle,750,,,,,,,,,1,
Absolut Citron,,Spirits,Vodka,bottle,750,,,,,,,,,1,
Effen Cucumber,,Spirits,Vodka,bottle,750,,,,,,,,,1,
Grey Goose,,Spirits,Vodka,bottle,750,,,,,,,,,1,
Ketel One,,Spirits,Vodka,bottle,750,,,,,,,,,1,
Ketel One Cucumber,,Spirits,Vodka,bottle,750,,,,,,,,,1,
Smirnoff,,Spirits,Vodka,bottle,750,,,,,,,,,1,
Smirnoff Raspberry,,Spirits,Vodka,bottle,750,,,,,,,,,1,
Tito's,,Spirits,Vodka,bottle,750,,,,,,,,,1,
Valkyrie,,Spirits,Vodka,bottle,750,,,,,,,,,1,
Bombay Sapphire,,Spirits,Gin,bottle,750,,,,,,,,,1,
Hendrick's,,Spirits,Gin,bottle,750,,,,,,,,,1,
Sonoran,,Spirits,Gin,bottle,750,,,,,,,,,1,
Tanqueray London Dry Gin,,Spirits,Gin,bottle,750,,,,,,,,,1,
Sonrita (Well),,Spirits,Tequila,bottle,750,,,,,,,,,1,
1800 Silver,,Spirits,Tequila,bottle,750,,,,,,,,,1,
Cazadores Blanco,,Spirits,Tequila,bottle,750,,,,,,,,,1,
Cazadores Reposado,,Spirits,Tequila,bottle,750,,,,,,,,,1,
Corralejo Reposado,,Spirits,Tequila,bottle,750,,,,,,,,,1,
Jose Cuervo Silver,,Spirits,Tequila,bottle,750,,,,,,,,,1,
Jose Cuervo Gold,,Spirits,Tequila,bottle,750,,,,,,,,,1,
Jose Cuervo Reposado,,Spirits,Tequila,bottle,750,,,,,,,,,1,
Patron Silver,,Spirits,Tequila,bottle,750,,,,,,,,,1,
Patron Anejo,,Spirits,Tequila,bottle,750,,,,,,,,,1,
Teremana Blanco,,Spirits,Tequila,bottle,750,,,,,,,,,1,
Members Mark Rum (Well),,Spirits,Rum,bottle,750,,,,,,,,,1,
Bacardi,,Spirits,Rum,bottle,750,,,,,,,,,1,
Captain Morgan,,Spirits,Rum,bottle,750,,,,,,,,,1,
Malibu,,Spirits,Rum,bottle,750,,,,,,,,,1,
Myer's Rum,,Spirits,Rum,bottle,750,,,,,,,,,1,
Old Monk Rum,,Spirits,Rum,bottle,750,,,,,,,,,1,
Fireball,,Liqueur,Liqueur,bottle,750,,,,,,,,,1,
Southern Comfort,,Liqueur,Liqueur,bottle,750,,,,,,,,,1,
Old Monk 10000,,Beer,Bottle,bottle,355,,,,,,,,,1,
Flying Horse,,Beer,Bottle,bottle,355,,,,,,,,,1,
Taj Mahal,,Beer,Bottle,bottle,355,,,,,,,,,1,
Kingfisher,,Beer,Bottle,bottle,355,,,,,,,,,1,
Coors,,Beer,Bottle,bottle,355,,,,,,,,,1,
Coors Light,,Beer,Bottle,bottle,355,,,,,,,,,1,
Miller Lite,,Beer,Bottle,bottle,355,,,,,,,,,1,
Bud Light,,Beer,Bottle,bottle,355,,,,,,,,,1,
Michelob Ultra,,Beer,Bottle,bottle,355,,,,,,,,,1,
Corona,,Beer,Bottle,bottle,355,,,,,,,,,1,
Pacifico,,Beer,Bottle,bottle,355,,,,,,,,,1,
Dos Equis,,Beer,Bottle,bottle,355,,,,,,,,,1,
Modelo,,Beer,Bottle,bottle,355,,,,,,,,,1,
Twisted Tea,,Beer,Bottle,bottle,355,,,,,,,,,1,
Guinness,,Beer,Bottle,bottle,355,,,,,,,,,1,
Corona NA,,NA,NA Beer,bottle,355,,,,,,,,,1,
Guinness NA,,NA,NA Beer,bottle,355,,,,,,,,,1,
Bud Zero,,NA,NA Beer,bottle,355,,,,,,,,,1,
Angry Orchard,,Beer,Cider,bottle,355,,,,,,,,,1,
Merlot,,Wine,Varietal,bottle,750,,,,,,,,,1,Add producer/brand — varietal alone won't identify the bottle
Malbec,,Wine,Varietal,bottle,750,,,,,,,,,1,Add producer/brand — varietal alone won't identify the bottle
Cabernet Sauvignon,,Wine,Varietal,bottle,750,,,,,,,,,1,Add producer/brand — varietal alone won't identify the bottle
Chardonnay,,Wine,Varietal,bottle,750,,,,,,,,,1,Add producer/brand — varietal alone won't identify the bottle
Stella Rosa Black,,Wine,Varietal,bottle,750,,,,,,,,,1,Add producer/brand — varietal alone won't identify the bottle
Coors Light Half Barrel,,Beer,Draft,keg,58674,,,,,,,,,1,1/2 Barrel = 1984.0 oz. Pour economics on the Draft Economics tab.
Modelo Quarter Barrel,,Beer,Draft,keg,29337,,,,,,,,,1,1/4 Barrel = 992.0 oz. Pour economics on the Draft Economics tab.
Blue Moon Sixtel,,Beer,Draft,keg,19533,,,,,,,,,1,1/6 Barrel = 660.5 oz. Pour economics on the Draft Economics tab.
Piehole Porter Sixtel,,Beer,Draft,keg,19533,,,,,,,,,1,1/6 Barrel = 660.5 oz. Pour economics on the Draft Economics tab.
Toasty Sixtel,,Beer,Draft,keg,19533,,,,,,,,,1,1/6 Barrel = 660.5 oz. Pour economics on the Draft Economics tab.
Prickly Pear Sixtel,,Beer,Draft,keg,19533,,,,,,,,,1,1/6 Barrel = 660.5 oz. Pour economics on the Draft Economics tab.
Hop Knot Sixtel,,Beer,Draft,keg,19533,,,,,,,,,1,1/6 Barrel = 660.5 oz. Pour economics on the Draft Economics tab.
WOW Wheat Sixtel,,Beer,Draft,keg,19533,,,,,,,,,1,1/6 Barrel = 660.5 oz. Pour economics on the Draft Economics tab.
Tower Station Sixtel,,Beer,Draft,keg,19533,,,,,,,,,1,1/6 Barrel = 660.5 oz. Pour economics on the Draft Economics tab.
